order_id,customer_id,order_value,days_since_last_purchase,delivery_status,refund_status
O1,C1,2063,61,Delivered,Refund Done
O2,C2,1270,14,Delivered,Refund Delayed
O3,C3,1128,180,Delivered,Refund Pending
O4,C4,2128,6,Delivered,No Refund
O5,C5,2201,103,Delivered,Refund Delayed
O6,C6,886,10,Delivered,Refund Pending
O7,C7,2435,71,Delivered,Refund Pending
O8,C8,2843,90,Delivered,Refund Delayed
O9,C9,2805,158,Delivered,Refund Delayed
O10,C10,1604,149,Failed,Refund Delayed
O11,C11,767,126,Failed,No Refund
O12,C12,2966,188,Delivered,No Refund
O13,C13,2782,97,Delivered,Refund Pending
O14,C14,2356,74,Delivered,Refund Pending
O15,C15,2498,115,Failed,Refund Done
O16,C16,1880,191,Delivered,No Refund
O17,C17,1736,170,Delivered,Refund Pending
O18,C18,1073,51,Delivered,Refund Delayed
O19,C19,548,192,Failed,Refund Delayed
O20,C20,1650,56,Delivered,No Refund
O21,C21,722,41,Delivered,Refund Delayed
O22,C22,1931,32,Delivered,Refund Done
O23,C23,2028,15,Delivered,Refund Pending
O24,C24,2319,62,Delivered,Refund Pending
O25,C25,2824,155,Delivered,Refund Pending
O26,C26,1961,28,Delivered,No Refund
O27,C27,1630,64,Delivered,Refund Delayed
O28,C28,2181,187,Delivered,Refund Done
O29,C29,2967,186,Delivered,No Refund
O30,C30,874,130,Delivered,Refund Pending
O31,C31,2620,127,Delivered,Refund Done
O32,C32,2521,36,Delivered,Refund Pending
O33,C33,1553,114,Delivered,Refund Pending
O34,C34,2389,199,Delivered,No Refund
O35,C35,2323,13,Delivered,Refund Pending
O36,C36,1974,15,Failed,Refund Done
O37,C37,2742,89,Delivered,Refund Pending
O38,C38,1679,188,Delivered,Refund Delayed
O39,C39,1564,22,Delivered,Refund Pending
O40,C40,2570,191,Delivered,No Refund
O41,C41,859,74,Failed,Refund Done
O42,C42,2541,25,Failed,No Refund
O43,C43,1641,101,Delivered,Refund Delayed
O44,C44,2135,176,Delivered,Refund Pending
O45,C45,1903,171,Delivered,No Refund
O46,C46,2443,117,Delivered,No Refund
O47,C47,1178,166,Delivered,No Refund
O48,C48,2987,41,Delivered,No Refund
O49,C49,506,173,Delivered,Refund Delayed
O50,C50,2968,88,Delivered,Refund Delayed
O51,C51,2091,168,Failed,Refund Pending
O52,C52,1332,110,Delivered,Refund Pending
O53,C53,2310,120,Failed,Refund Done
O54,C54,1413,97,Delivered,Refund Delayed
O55,C55,2511,145,Delivered,No Refund
O56,C56,1942,57,Delivered,No Refund
O57,C57,1950,130,Delivered,Refund Done
O58,C58,2002,96,Delivered,No Refund
O59,C59,625,121,Delivered,Refund Done
O60,C60,2942,62,Failed,Refund Pending
O61,C61,1316,137,Delivered,Refund Delayed
O62,C62,2329,68,Delivered,Refund Done
O63,C63,1075,81,Failed,No Refund
O64,C64,2872,17,Delivered,Refund Done
O65,C65,1915,117,Delivered,Refund Pending
O66,C66,1429,50,Delivered,No Refund
O67,C67,1963,112,Failed,Refund Pending
O68,C68,1332,94,Failed,Refund Pending
O69,C69,1554,168,Failed,Refund Done
O70,C70,2148,186,Delivered,Refund Pending
O71,C71,2400,85,Failed,No Refund
O72,C72,1957,149,Delivered,Refund Pending
O73,C73,1899,146,Delivered,Refund Pending
O74,C74,942,183,Delivered,Refund Done
O75,C75,2622,157,Delivered,Refund Pending
O76,C76,1056,152,Failed,Refund Delayed
O77,C77,1678,74,Failed,Refund Done
O78,C78,2537,109,Delivered,Refund Done
O79,C79,862,145,Delivered,No Refund
O80,C80,2995,18,Delivered,No Refund
O81,C81,1757,42,Failed,No Refund
O82,C82,2341,101,Delivered,No Refund
O83,C83,2809,45,Delivered,Refund Delayed
O84,C84,2350,82,Delivered,Refund Done
O85,C85,2672,17,Delivered,Refund Pending
O86,C86,1410,73,Delivered,No Refund
O87,C87,744,14,Failed,No Refund
O88,C88,1041,177,Delivered,No Refund
O89,C89,2669,157,Delivered,Refund Pending
O90,C90,2672,132,Delivered,No Refund
O91,C91,2072,82,Delivered,Refund Pending
O92,C92,2717,148,Failed,Refund Done
O93,C93,623,120,Delivered,Refund Done
O94,C94,2231,120,Delivered,Refund Done
O95,C95,1285,47,Delivered,Refund Delayed
O96,C96,2543,107,Delivered,Refund Pending
O97,C97,2748,108,Delivered,No Refund
O98,C98,2916,9,Delivered,No Refund
O99,C99,1296,79,Delivered,No Refund
O100,C100,576,155,Delivered,No Refund
O101,C101,558,15,Delivered,Refund Delayed
O102,C102,2978,19,Delivered,No Refund
O103,C103,2023,90,Delivered,Refund Delayed
O104,C104,2436,180,Delivered,Refund Pending
O105,C105,2656,26,Failed,Refund Done
O106,C106,1801,154,Failed,No Refund
O107,C107,567,154,Delivered,Refund Done
O108,C108,2852,174,Delivered,Refund Pending
O109,C109,2432,92,Delivered,Refund Pending
O110,C110,864,177,Delivered,No Refund
O111,C111,1320,82,Failed,Refund Pending
O112,C112,1902,181,Delivered,Refund Done
O113,C113,2890,131,Delivered,No Refund
O114,C114,1446,194,Failed,Refund Delayed
O115,C115,2077,42,Failed,No Refund
O116,C116,1877,19,Delivered,Refund Done
O117,C117,1939,17,Delivered,No Refund
O118,C118,1261,161,Delivered,No Refund
O119,C119,840,76,Delivered,Refund Done
O120,C120,882,177,Failed,No Refund
O121,C121,1503,184,Failed,No Refund
O122,C122,2056,63,Delivered,Refund Done
O123,C123,799,131,Delivered,Refund Pending
O124,C124,638,107,Failed,Refund Done
O125,C125,858,49,Delivered,No Refund
O126,C126,1335,55,Delivered,Refund Delayed
O127,C127,2022,154,Delivered,Refund Delayed
O128,C128,2127,99,Delivered,Refund Done
O129,C129,2482,52,Delivered,Refund Delayed
O130,C130,1803,100,Delivered,No Refund
O131,C131,1408,117,Delivered,No Refund
O132,C132,1634,118,Delivered,Refund Done
O133,C133,2686,7,Delivered,No Refund
O134,C134,1495,46,Delivered,Refund Pending
O135,C135,2982,46,Delivered,No Refund
O136,C136,2820,100,Failed,Refund Done
O137,C137,2651,144,Delivered,Refund Pending
O138,C138,1737,152,Delivered,Refund Pending
O139,C139,2284,189,Delivered,Refund Delayed
O140,C140,664,54,Failed,No Refund
O141,C141,1498,62,Delivered,Refund Done
O142,C142,1807,129,Delivered,Refund Delayed
O143,C143,1156,49,Delivered,Refund Delayed
O144,C144,2711,25,Delivered,No Refund
O145,C145,2409,10,Delivered,No Refund
O146,C146,2546,118,Delivered,Refund Done
O147,C147,2611,144,Delivered,Refund Delayed
O148,C148,1640,186,Delivered,Refund Done
O149,C149,2389,157,Delivered,Refund Delayed
O150,C150,766,92,Delivered,Refund Delayed
O151,C151,2345,134,Delivered,Refund Delayed
O152,C152,2208,144,Delivered,No Refund
O153,C153,2793,148,Delivered,Refund Delayed
O154,C154,2942,80,Delivered,Refund Delayed
O155,C155,2010,71,Delivered,Refund Delayed
O156,C156,975,78,Failed,Refund Pending
O157,C157,1476,43,Failed,No Refund
O158,C158,1707,154,Delivered,Refund Pending
O159,C159,1543,90,Delivered,No Refund
O160,C160,2460,78,Delivered,Refund Done
O161,C161,1057,199,Failed,Refund Pending
O162,C162,1517,161,Delivered,Refund Done
O163,C163,2105,26,Delivered,Refund Delayed
O164,C164,1382,121,Delivered,Refund Done
O165,C165,2694,45,Delivered,Refund Done
O166,C166,1165,63,Failed,Refund Done
O167,C167,2271,195,Delivered,Refund Done
O168,C168,1363,180,Delivered,No Refund
O169,C169,1081,68,Failed,Refund Pending
O170,C170,1194,154,Delivered,No Refund
O171,C171,1751,2,Delivered,No Refund
O172,C172,2110,142,Delivered,No Refund
O173,C173,1739,108,Failed,Refund Done
O174,C174,2954,30,Delivered,No Refund
O175,C175,898,49,Delivered,Refund Pending
O176,C176,2446,140,Delivered,No Refund
O177,C177,1214,44,Delivered,Refund Delayed
O178,C178,1203,161,Delivered,Refund Done
O179,C179,2214,13,Delivered,Refund Delayed
O180,C180,2472,78,Delivered,Refund Pending
O181,C181,581,126,Failed,Refund Pending
O182,C182,1103,98,Delivered,Refund Pending
O183,C183,2470,26,Delivered,Refund Pending
O184,C184,2210,149,Delivered,No Refund
O185,C185,2546,156,Delivered,Refund Done
O186,C186,1402,48,Failed,Refund Pending
O187,C187,864,168,Delivered,Refund Delayed
O188,C188,662,66,Delivered,Refund Pending
O189,C189,2363,87,Delivered,Refund Done
O190,C190,615,79,Delivered,Refund Delayed
O191,C191,2884,23,Delivered,Refund Delayed
O192,C192,1380,81,Delivered,Refund Delayed
O193,C193,1339,48,Delivered,No Refund
O194,C194,2694,124,Delivered,Refund Pending
O195,C195,1846,130,Delivered,No Refund
O196,C196,2990,84,Delivered,Refund Delayed
O197,C197,1536,20,Failed,No Refund
O198,C198,1442,187,Delivered,No Refund
O199,C199,2224,46,Delivered,No Refund
O200,C200,2834,131,Delivered,Refund Pending
O201,C201,1637,183,Delivered,Refund Delayed
O202,C202,521,12,Delivered,Refund Delayed
O203,C203,2249,40,Failed,Refund Pending
O204,C204,1182,66,Delivered,No Refund
O205,C205,2333,100,Failed,No Refund
O206,C206,2867,78,Delivered,Refund Done
O207,C207,625,16,Delivered,Refund Done
O208,C208,776,83,Failed,Refund Done
O209,C209,2499,162,Delivered,Refund Pending
O210,C210,1727,44,Failed,Refund Delayed
O211,C211,2741,134,Delivered,Refund Done
O212,C212,1195,192,Failed,Refund Delayed
O213,C213,1809,100,Delivered,Refund Delayed
O214,C214,556,22,Delivered,Refund Delayed
O215,C215,518,18,Delivered,Refund Pending
O216,C216,2811,12,Delivered,Refund Pending
O217,C217,612,180,Delivered,Refund Pending
O218,C218,1041,123,Delivered,Refund Pending
O219,C219,1078,117,Delivered,Refund Done
O220,C220,1588,51,Delivered,No Refund
O221,C221,524,71,Delivered,No Refund
O222,C222,2072,48,Delivered,No Refund
O223,C223,2548,19,Delivered,Refund Done
O224,C224,2072,6,Delivered,No Refund
O225,C225,640,84,Delivered,Refund Done
O226,C226,2267,155,Delivered,Refund Done
O227,C227,1147,53,Delivered,Refund Done
O228,C228,2735,107,Failed,No Refund
O229,C229,700,101,Failed,Refund Delayed
O230,C230,756,48,Delivered,No Refund
O231,C231,1046,135,Delivered,No Refund
O232,C232,2741,187,Delivered,Refund Pending
O233,C233,1301,69,Delivered,Refund Done
O234,C234,1441,11,Delivered,Refund Delayed
O235,C235,913,143,Delivered,Refund Pending
O236,C236,2514,192,Delivered,Refund Delayed
O237,C237,1881,131,Delivered,Refund Delayed
O238,C238,1598,122,Delivered,Refund Done
O239,C239,1409,69,Failed,No Refund
O240,C240,687,23,Delivered,Refund Done
O241,C241,2515,181,Failed,Refund Done
O242,C242,1813,37,Failed,Refund Pending
O243,C243,2592,9,Delivered,Refund Done
O244,C244,2630,15,Delivered,No Refund
O245,C245,1646,131,Delivered,Refund Delayed
O246,C246,857,93,Failed,Refund Done
O247,C247,2051,198,Failed,Refund Delayed
O248,C248,1589,17,Delivered,Refund Done
O249,C249,2180,154,Delivered,Refund Delayed
O250,C250,2922,149,Delivered,Refund Done
O251,C251,661,72,Delivered,Refund Pending
O252,C252,2869,149,Delivered,Refund Delayed
O253,C253,949,121,Failed,Refund Done
O254,C254,1997,11,Delivered,Refund Done
O255,C255,1536,166,Delivered,Refund Pending
O256,C256,2731,72,Delivered,Refund Pending
O257,C257,2658,106,Delivered,Refund Pending
O258,C258,2450,125,Delivered,Refund Delayed
O259,C259,1813,35,Delivered,Refund Delayed
O260,C260,2842,119,Failed,Refund Pending
O261,C261,1738,14,Failed,No Refund
O262,C262,1473,14,Delivered,No Refund
O263,C263,1131,10,Failed,Refund Done
O264,C264,2090,140,Delivered,No Refund
O265,C265,1550,38,Delivered,Refund Done
O266,C266,2088,108,Delivered,Refund Delayed
O267,C267,2868,119,Delivered,Refund Delayed
O268,C268,2193,34,Failed,No Refund
O269,C269,936,169,Delivered,Refund Delayed
O270,C270,2056,10,Delivered,Refund Pending
O271,C271,1576,122,Delivered,Refund Pending
O272,C272,1804,145,Delivered,No Refund
O273,C273,2578,145,Delivered,No Refund
O274,C274,2884,195,Delivered,Refund Done
O275,C275,682,190,Delivered,Refund Delayed
O276,C276,1969,115,Delivered,Refund Done
O277,C277,1979,1,Failed,Refund Done
O278,C278,2089,12,Delivered,Refund Pending
O279,C279,2087,103,Delivered,Refund Pending
O280,C280,1159,4,Delivered,Refund Pending
O281,C281,659,170,Delivered,Refund Pending
O282,C282,2959,141,Delivered,Refund Done
O283,C283,1511,98,Delivered,Refund Pending
O284,C284,552,106,Failed,Refund Delayed
O285,C285,2955,85,Delivered,Refund Pending
O286,C286,1545,121,Failed,Refund Pending
O287,C287,1553,132,Failed,Refund Pending
O288,C288,2807,82,Delivered,No Refund
O289,C289,1728,197,Delivered,Refund Delayed
O290,C290,1994,19,Delivered,Refund Delayed
O291,C291,1989,130,Failed,Refund Done
O292,C292,1535,12,Failed,Refund Done
O293,C293,2450,81,Delivered,Refund Pending
O294,C294,1349,74,Delivered,No Refund
O295,C295,853,98,Delivered,Refund Done
O296,C296,1598,6,Failed,Refund Done
O297,C297,2239,136,Failed,Refund Pending
O298,C298,1964,125,Delivered,Refund Pending
O299,C299,1490,51,Delivered,Refund Done
O300,C300,1764,11,Delivered,Refund Done
O301,C301,2384,191,Delivered,Refund Delayed
O302,C302,2309,185,Failed,No Refund
O303,C303,2841,127,Delivered,Refund Delayed
O304,C304,2756,140,Delivered,Refund Done
O305,C305,1611,73,Delivered,Refund Delayed
O306,C306,1317,2,Failed,Refund Delayed
O307,C307,2299,8,Delivered,Refund Done
O308,C308,2460,139,Delivered,Refund Pending
O309,C309,2937,124,Delivered,Refund Done
O310,C310,2872,53,Failed,Refund Pending
O311,C311,1388,10,Failed,Refund Done
O312,C312,2355,112,Delivered,Refund Done
O313,C313,1680,8,Delivered,Refund Done
O314,C314,1167,36,Delivered,No Refund
O315,C315,1132,106,Delivered,Refund Pending
O316,C316,2142,14,Delivered,No Refund
O317,C317,636,182,Failed,Refund Done
O318,C318,2446,86,Delivered,Refund Delayed
O319,C319,2197,149,Failed,No Refund
O320,C320,927,50,Delivered,Refund Pending
O321,C321,1975,167,Delivered,Refund Done
O322,C322,1318,20,Delivered,No Refund
O323,C323,2688,87,Delivered,Refund Delayed
O324,C324,1606,135,Delivered,No Refund
O325,C325,2724,137,Delivered,Refund Pending
O326,C326,697,129,Delivered,No Refund
O327,C327,2495,154,Delivered,Refund Delayed
O328,C328,2948,166,Delivered,Refund Delayed
O329,C329,970,38,Failed,Refund Pending
O330,C330,2765,189,Delivered,Refund Delayed
O331,C331,2448,44,Failed,Refund Done
O332,C332,1428,86,Delivered,Refund Delayed
O333,C333,2510,44,Delivered,Refund Done
O334,C334,1405,74,Delivered,No Refund
O335,C335,2722,119,Failed,Refund Done
O336,C336,522,190,Delivered,Refund Done
O337,C337,734,122,Delivered,No Refund
O338,C338,1624,134,Delivered,Refund Delayed
O339,C339,1428,145,Delivered,Refund Done
O340,C340,1022,51,Delivered,Refund Delayed
O341,C341,2308,38,Delivered,No Refund
O342,C342,930,152,Delivered,Refund Pending
O343,C343,1292,51,Failed,Refund Delayed
O344,C344,2129,10,Delivered,Refund Delayed
O345,C345,2236,120,Delivered,Refund Pending
O346,C346,1032,149,Delivered,Refund Pending
O347,C347,2246,70,Delivered,No Refund
O348,C348,2175,85,Delivered,Refund Delayed
O349,C349,1816,57,Delivered,Refund Delayed
O350,C350,1412,126,Failed,No Refund
O351,C351,1624,39,Failed,Refund Delayed
O352,C352,2025,33,Failed,Refund Done
O353,C353,1827,187,Delivered,Refund Done
O354,C354,1523,18,Delivered,Refund Done
O355,C355,2076,184,Delivered,Refund Delayed
O356,C356,1878,57,Delivered,Refund Done
O357,C357,2019,96,Delivered,Refund Done
O358,C358,2181,48,Delivered,No Refund
O359,C359,2497,42,Delivered,No Refund
O360,C360,726,27,Delivered,Refund Pending
O361,C361,1759,74,Delivered,Refund Pending
O362,C362,1372,110,Delivered,Refund Pending
O363,C363,1391,180,Delivered,Refund Pending
O364,C364,1978,170,Delivered,No Refund
O365,C365,1536,32,Delivered,No Refund
O366,C366,2757,26,Delivered,No Refund
O367,C367,896,25,Failed,Refund Done
O368,C368,1623,75,Delivered,Refund Done
O369,C369,2578,23,Delivered,Refund Pending
O370,C370,1148,57,Delivered,Refund Done
O371,C371,828,180,Delivered,Refund Delayed
O372,C372,1982,126,Failed,No Refund
O373,C373,1451,87,Delivered,Refund Pending
O374,C374,2505,31,Delivered,Refund Pending
O375,C375,2516,64,Failed,Refund Delayed
O376,C376,2378,199,Delivered,Refund Done
O377,C377,1696,33,Delivered,Refund Pending
O378,C378,2272,2,Delivered,Refund Done
O379,C379,661,18,Delivered,Refund Done
O380,C380,2251,175,Delivered,Refund Delayed
O381,C381,1275,161,Delivered,Refund Pending
O382,C382,2327,84,Failed,Refund Done
O383,C383,2821,35,Delivered,Refund Done
O384,C384,1551,179,Delivered,Refund Delayed
O385,C385,2873,114,Delivered,Refund Delayed
O386,C386,1439,146,Failed,Refund Done
O387,C387,1039,110,Failed,Refund Delayed
O388,C388,1321,88,Delivered,Refund Done
O389,C389,1961,72,Delivered,Refund Pending
O390,C390,1588,125,Delivered,No Refund
O391,C391,855,30,Delivered,Refund Delayed
O392,C392,734,172,Delivered,No Refund
O393,C393,2774,53,Delivered,Refund Done
O394,C394,2048,138,Delivered,Refund Done
O395,C395,2596,87,Failed,Refund Done
O396,C396,617,180,Delivered,No Refund
O397,C397,2601,177,Failed,Refund Done
O398,C398,2173,139,Delivered,Refund Delayed
O399,C399,1567,194,Delivered,Refund Pending
O400,C400,2600,186,Delivered,Refund Pending
O401,C401,1057,164,Delivered,Refund Delayed
O402,C402,2315,161,Delivered,Refund Pending
O403,C403,2505,175,Delivered,No Refund
O404,C404,897,13,Delivered,Refund Done
O405,C405,1174,40,Delivered,Refund Done
O406,C406,886,89,Delivered,Refund Done
O407,C407,2658,68,Delivered,No Refund
O408,C408,2564,42,Delivered,No Refund
O409,C409,1383,147,Delivered,No Refund
O410,C410,1040,94,Failed,Refund Delayed
O411,C411,670,19,Delivered,No Refund
O412,C412,2956,186,Delivered,Refund Pending
O413,C413,1239,23,Delivered,Refund Delayed
O414,C414,1901,54,Delivered,Refund Delayed
O415,C415,2777,65,Failed,Refund Delayed
O416,C416,618,140,Delivered,No Refund
O417,C417,2651,24,Delivered,Refund Delayed
O418,C418,2495,34,Delivered,No Refund
O419,C419,2205,53,Delivered,No Refund
O420,C420,2222,136,Failed,Refund Delayed
O421,C421,2722,18,Delivered,Refund Done
O422,C422,2197,57,Delivered,Refund Done
O423,C423,1944,112,Delivered,Refund Delayed
O424,C424,2259,5,Delivered,Refund Done
O425,C425,2024,154,Delivered,Refund Pending
O426,C426,1164,158,Delivered,Refund Pending
O427,C427,532,182,Delivered,No Refund
O428,C428,2602,13,Failed,Refund Done
O429,C429,2559,83,Delivered,Refund Pending
O430,C430,2051,29,Delivered,Refund Delayed
O431,C431,1219,3,Delivered,Refund Done
O432,C432,2920,90,Failed,Refund Pending
O433,C433,983,104,Delivered,Refund Pending
O434,C434,1472,123,Delivered,Refund Delayed
O435,C435,806,186,Delivered,No Refund
O436,C436,956,76,Delivered,Refund Delayed
O437,C437,2707,130,Delivered,No Refund
O438,C438,830,108,Delivered,Refund Pending
O439,C439,724,156,Delivered,No Refund
O440,C440,1979,82,Delivered,Refund Pending
O441,C441,1582,77,Delivered,Refund Pending
O442,C442,1143,2,Failed,Refund Done
O443,C443,1115,127,Failed,No Refund
O444,C444,694,135,Delivered,No Refund
O445,C445,988,26,Delivered,No Refund
O446,C446,2704,88,Delivered,Refund Delayed
O447,C447,1749,16,Delivered,Refund Done
O448,C448,2959,151,Failed,Refund Done
O449,C449,1602,168,Delivered,Refund Done
O450,C450,1647,188,Delivered,Refund Delayed
O451,C451,1741,73,Delivered,No Refund
O452,C452,1015,32,Delivered,No Refund
O453,C453,2125,15,Delivered,No Refund
O454,C454,1627,141,Delivered,Refund Done
O455,C455,892,5,Delivered,Refund Done
O456,C456,1130,74,Delivered,Refund Pending
O457,C457,2347,52,Delivered,Refund Delayed
O458,C458,1479,77,Failed,Refund Delayed
O459,C459,933,169,Delivered,Refund Done
O460,C460,777,181,Failed,Refund Pending
O461,C461,732,110,Delivered,No Refund
O462,C462,2052,178,Delivered,Refund Done
O463,C463,2094,143,Delivered,Refund Delayed
O464,C464,1613,106,Failed,Refund Delayed
O465,C465,2909,127,Failed,Refund Delayed
O466,C466,525,7,Delivered,No Refund
O467,C467,1917,40,Failed,Refund Delayed
O468,C468,2814,156,Failed,No Refund
O469,C469,960,160,Delivered,No Refund
O470,C470,1591,99,Delivered,No Refund
O471,C471,1506,143,Failed,Refund Done
O472,C472,2494,85,Failed,No Refund
O473,C473,990,198,Delivered,Refund Pending
O474,C474,1572,65,Failed,Refund Delayed
O475,C475,715,132,Delivered,Refund Done
O476,C476,2223,11,Delivered,Refund Delayed
O477,C477,2092,108,Delivered,No Refund
O478,C478,658,26,Delivered,Refund Done
O479,C479,1185,189,Delivered,Refund Pending
O480,C480,2276,165,Delivered,No Refund
O481,C481,2552,151,Failed,Refund Delayed
O482,C482,2343,85,Delivered,Refund Pending
O483,C483,2908,168,Delivered,No Refund
O484,C484,2795,151,Delivered,Refund Pending
O485,C485,2089,123,Delivered,No Refund
O486,C486,2196,144,Failed,Refund Done
O487,C487,2969,189,Delivered,No Refund
O488,C488,2446,68,Failed,Refund Done
O489,C489,2562,104,Delivered,No Refund
O490,C490,1645,80,Delivered,No Refund
O491,C491,2824,159,Delivered,Refund Delayed
O492,C492,2081,53,Delivered,Refund Pending
O493,C493,2993,106,Delivered,Refund Pending
O494,C494,2757,153,Delivered,Refund Pending
O495,C495,2849,44,Delivered,No Refund
O496,C496,2432,140,Delivered,No Refund
O497,C497,2257,90,Delivered,No Refund
O498,C498,2550,101,Delivered,Refund Done
O499,C499,1489,97,Delivered,Refund Done
O500,C500,2041,9,Delivered,Refund Delayed
O501,C501,1616,12,Failed,No Refund
O502,C502,992,69,Delivered,Refund Pending
O503,C503,1119,182,Delivered,Refund Pending
O504,C504,2878,182,Failed,Refund Delayed
O505,C505,2880,28,Delivered,Refund Pending
O506,C506,2597,56,Delivered,Refund Delayed
O507,C507,2046,99,Delivered,No Refund
O508,C508,1362,197,Delivered,Refund Pending
O509,C509,2191,110,Failed,No Refund
O510,C510,2105,77,Failed,Refund Done
O511,C511,2819,103,Failed,Refund Pending
O512,C512,1079,106,Delivered,Refund Done
O513,C513,2390,109,Delivered,Refund Pending
O514,C514,1775,112,Delivered,No Refund
O515,C515,2355,58,Delivered,Refund Delayed
O516,C516,2993,78,Delivered,No Refund
O517,C517,1855,75,Delivered,No Refund
O518,C518,1662,42,Delivered,No Refund
O519,C519,856,166,Delivered,Refund Pending
O520,C520,2124,68,Failed,Refund Delayed
O521,C521,2821,181,Failed,Refund Done
O522,C522,2506,33,Delivered,No Refund
O523,C523,2858,71,Delivered,Refund Pending
O524,C524,1369,56,Delivered,Refund Done
O525,C525,1385,105,Failed,No Refund
O526,C526,2501,101,Delivered,Refund Done
O527,C527,2701,51,Delivered,No Refund
O528,C528,1913,74,Delivered,Refund Done
O529,C529,1783,171,Delivered,Refund Done
O530,C530,1119,121,Delivered,Refund Delayed
O531,C531,1382,143,Delivered,Refund Delayed
O532,C532,1296,166,Delivered,No Refund
O533,C533,2672,143,Delivered,Refund Pending
O534,C534,1796,5,Delivered,Refund Delayed
O535,C535,1118,83,Delivered,Refund Done
O536,C536,2334,182,Failed,Refund Delayed
O537,C537,744,51,Delivered,Refund Delayed
O538,C538,2997,10,Failed,No Refund
O539,C539,1429,140,Delivered,Refund Delayed
O540,C540,1770,4,Delivered,Refund Delayed
O541,C541,1019,95,Delivered,Refund Done
O542,C542,2909,146,Delivered,Refund Delayed
O543,C543,507,80,Delivered,Refund Done
O544,C544,2519,36,Delivered,Refund Delayed
O545,C545,994,25,Delivered,Refund Delayed
O546,C546,2129,98,Delivered,Refund Pending
O547,C547,1562,164,Failed,Refund Delayed
O548,C548,686,101,Failed,Refund Done
O549,C549,2377,195,Delivered,Refund Done
O550,C550,2640,9,Failed,No Refund
O551,C551,585,61,Delivered,No Refund
O552,C552,636,53,Delivered,Refund Pending
O553,C553,2968,146,Failed,Refund Done
O554,C554,2621,171,Delivered,Refund Done
O555,C555,2136,163,Delivered,Refund Done
O556,C556,2718,63,Delivered,Refund Pending
O557,C557,2251,121,Failed,Refund Done
O558,C558,2717,105,Failed,No Refund
O559,C559,2287,4,Delivered,Refund Pending
O560,C560,1371,93,Delivered,No Refund
O561,C561,2869,169,Delivered,No Refund
O562,C562,1443,173,Delivered,Refund Pending
O563,C563,2126,178,Delivered,Refund Delayed
O564,C564,848,28,Delivered,Refund Delayed
O565,C565,2176,170,Delivered,No Refund
O566,C566,1696,80,Delivered,Refund Delayed
O567,C567,509,76,Delivered,Refund Done
O568,C568,1961,116,Delivered,Refund Pending
O569,C569,1166,69,Failed,No Refund
O570,C570,2022,98,Delivered,Refund Done
O571,C571,2676,1,Delivered,Refund Delayed
O572,C572,1100,167,Delivered,Refund Done
O573,C573,826,96,Delivered,Refund Delayed
O574,C574,1479,17,Delivered,No Refund
O575,C575,2951,112,Delivered,Refund Done
O576,C576,1128,91,Delivered,Refund Pending
O577,C577,2129,88,Delivered,No Refund
O578,C578,773,163,Delivered,Refund Done
O579,C579,1184,174,Delivered,Refund Done
O580,C580,615,170,Failed,Refund Delayed
O581,C581,1360,167,Delivered,No Refund
O582,C582,2503,90,Delivered,No Refund
O583,C583,1192,49,Delivered,No Refund
O584,C584,1605,190,Delivered,No Refund
O585,C585,2871,38,Delivered,Refund Delayed
O586,C586,2661,151,Delivered,Refund Pending
O587,C587,2292,150,Delivered,No Refund
O588,C588,653,132,Delivered,Refund Delayed
O589,C589,2400,177,Delivered,Refund Pending
O590,C590,1927,59,Delivered,Refund Pending
O591,C591,1789,68,Delivered,Refund Delayed
O592,C592,814,199,Delivered,No Refund
O593,C593,1564,130,Delivered,Refund Pending
O594,C594,604,49,Delivered,No Refund
O595,C595,2424,126,Delivered,No Refund
O596,C596,2413,159,Failed,Refund Done
O597,C597,1716,111,Delivered,No Refund
O598,C598,1924,168,Failed,Refund Done
O599,C599,2901,48,Delivered,Refund Pending
O600,C600,2272,51,Delivered,Refund Delayed
O601,C601,2460,43,Delivered,Refund Done
O602,C602,2103,98,Failed,Refund Delayed
O603,C603,1208,183,Delivered,Refund Pending
O604,C604,1150,177,Delivered,No Refund
O605,C605,1446,124,Delivered,Refund Pending
O606,C606,1160,80,Delivered,Refund Delayed
O607,C607,2646,185,Delivered,Refund Pending
O608,C608,2829,111,Failed,No Refund
O609,C609,2950,143,Failed,Refund Pending
O610,C610,1632,27,Delivered,No Refund
O611,C611,1199,196,Failed,Refund Done
O612,C612,2746,192,Delivered,Refund Delayed
O613,C613,2538,158,Delivered,No Refund
O614,C614,2874,164,Delivered,No Refund
O615,C615,2701,195,Delivered,Refund Pending
O616,C616,1051,113,Failed,Refund Done
O617,C617,904,86,Delivered,No Refund
O618,C618,961,114,Delivered,Refund Done
O619,C619,2679,124,Delivered,Refund Done
O620,C620,1373,49,Delivered,Refund Pending
O621,C621,583,76,Delivered,No Refund
O622,C622,1922,55,Failed,Refund Pending
O623,C623,720,56,Failed,Refund Delayed
O624,C624,1891,196,Delivered,Refund Delayed
O625,C625,611,95,Delivered,No Refund
O626,C626,1114,44,Delivered,Refund Done
O627,C627,2081,159,Delivered,No Refund
O628,C628,974,186,Delivered,No Refund
O629,C629,2413,87,Delivered,Refund Delayed
O630,C630,770,181,Delivered,Refund Delayed
O631,C631,2968,84,Delivered,Refund Done
O632,C632,2420,151,Delivered,Refund Done
O633,C633,1890,156,Delivered,No Refund
O634,C634,539,16,Delivered,Refund Pending
O635,C635,2482,165,Delivered,No Refund
O636,C636,2736,149,Failed,Refund Done
O637,C637,1493,145,Delivered,Refund Pending
O638,C638,2512,37,Failed,Refund Delayed
O639,C639,789,77,Delivered,Refund Done
O640,C640,2980,147,Delivered,Refund Done
O641,C641,778,158,Delivered,Refund Pending
O642,C642,1080,45,Failed,Refund Done
O643,C643,1362,146,Delivered,Refund Done
O644,C644,753,62,Delivered,Refund Done
O645,C645,680,164,Delivered,Refund Done
O646,C646,1180,100,Delivered,Refund Done
O647,C647,1324,52,Delivered,Refund Done
O648,C648,1199,19,Failed,Refund Done
O649,C649,1849,109,Delivered,Refund Done
O650,C650,1880,44,Delivered,Refund Delayed
O651,C651,2173,7,Delivered,Refund Done
O652,C652,2938,172,Delivered,Refund Delayed
O653,C653,2138,117,Delivered,Refund Delayed
O654,C654,2457,68,Delivered,No Refund
O655,C655,711,34,Delivered,No Refund
O656,C656,2038,194,Delivered,Refund Delayed
O657,C657,883,69,Delivered,Refund Delayed
O658,C658,2214,55,Failed,Refund Done
O659,C659,841,10,Delivered,No Refund
O660,C660,2338,42,Delivered,Refund Pending
O661,C661,2487,41,Delivered,No Refund
O662,C662,1343,197,Delivered,Refund Delayed
O663,C663,2034,122,Delivered,Refund Delayed
O664,C664,919,138,Delivered,Refund Done
O665,C665,2488,10,Delivered,Refund Done
O666,C666,2432,102,Failed,No Refund
O667,C667,2349,188,Delivered,Refund Done
O668,C668,805,128,Delivered,Refund Pending
O669,C669,1368,179,Delivered,Refund Pending
O670,C670,1635,149,Delivered,Refund Done
O671,C671,1934,136,Delivered,Refund Pending
O672,C672,705,193,Failed,Refund Pending
O673,C673,995,92,Delivered,No Refund
O674,C674,2409,113,Delivered,Refund Pending
O675,C675,1545,78,Delivered,Refund Delayed
O676,C676,712,85,Delivered,Refund Delayed
O677,C677,809,30,Delivered,No Refund
O678,C678,2491,49,Delivered,Refund Done
O679,C679,771,9,Delivered,No Refund
O680,C680,2322,145,Delivered,Refund Done
O681,C681,2579,69,Delivered,Refund Done
O682,C682,942,58,Failed,Refund Done
O683,C683,2709,185,Delivered,Refund Done
O684,C684,753,62,Failed,Refund Done
O685,C685,1020,52,Delivered,No Refund
O686,C686,1476,189,Delivered,Refund Done
O687,C687,509,40,Delivered,Refund Pending
O688,C688,2083,166,Delivered,Refund Pending
O689,C689,2983,171,Delivered,Refund Done
O690,C690,1634,63,Delivered,Refund Pending
O691,C691,652,147,Delivered,Refund Delayed
O692,C692,2158,50,Failed,No Refund
O693,C693,2356,161,Delivered,No Refund
O694,C694,1714,141,Delivered,Refund Done
O695,C695,2252,78,Delivered,Refund Done
O696,C696,1604,97,Failed,Refund Delayed
O697,C697,1394,190,Delivered,Refund Done
O698,C698,1611,43,Delivered,Refund Pending
O699,C699,603,177,Delivered,Refund Delayed
O700,C700,2414,36,Delivered,Refund Pending
O701,C701,1506,122,Failed,No Refund
O702,C702,906,108,Delivered,Refund Pending
O703,C703,1901,10,Delivered,No Refund
O704,C704,666,95,Failed,Refund Pending
O705,C705,1008,6,Delivered,No Refund
O706,C706,2161,57,Delivered,Refund Done
O707,C707,2860,129,Delivered,Refund Pending
O708,C708,1262,71,Delivered,No Refund
O709,C709,1180,186,Delivered,Refund Pending
O710,C710,2620,21,Delivered,Refund Delayed
O711,C711,1664,92,Delivered,Refund Done
O712,C712,1081,127,Delivered,No Refund
O713,C713,761,80,Delivered,Refund Delayed
O714,C714,1863,56,Failed,Refund Pending
O715,C715,1831,116,Delivered,Refund Delayed
O716,C716,2792,148,Delivered,Refund Pending
O717,C717,2038,182,Delivered,Refund Done
O718,C718,1060,25,Delivered,Refund Delayed
O719,C719,1599,156,Delivered,Refund Done
O720,C720,2403,5,Delivered,No Refund
O721,C721,674,120,Delivered,Refund Pending
O722,C722,2656,21,Delivered,Refund Pending
O723,C723,2730,18,Delivered,Refund Done
O724,C724,691,175,Delivered,Refund Done
O725,C725,564,198,Delivered,No Refund
O726,C726,1997,57,Failed,Refund Delayed
O727,C727,2067,93,Delivered,Refund Pending
O728,C728,1651,19,Delivered,Refund Pending
O729,C729,2437,128,Delivered,No Refund
O730,C730,868,97,Failed,No Refund
O731,C731,1350,193,Delivered,Refund Done
O732,C732,542,131,Delivered,Refund Done
O733,C733,2407,170,Delivered,Refund Delayed
O734,C734,577,21,Failed,No Refund
O735,C735,2324,40,Delivered,Refund Delayed
O736,C736,1793,67,Delivered,No Refund
O737,C737,1173,153,Failed,Refund Pending
O738,C738,1200,127,Failed,No Refund
O739,C739,1258,55,Failed,No Refund
O740,C740,2423,180,Delivered,Refund Pending
O741,C741,1401,172,Delivered,No Refund
O742,C742,1492,109,Delivered,Refund Delayed
O743,C743,1691,98,Delivered,Refund Done
O744,C744,2886,184,Delivered,Refund Done
O745,C745,2740,183,Delivered,Refund Delayed
O746,C746,1976,112,Delivered,Refund Pending
O747,C747,2830,198,Delivered,No Refund
O748,C748,889,115,Delivered,Refund Delayed
O749,C749,1499,117,Delivered,Refund Done
O750,C750,1024,87,Delivered,Refund Done
O751,C751,2355,81,Delivered,Refund Delayed
O752,C752,2006,66,Delivered,Refund Done
O753,C753,1158,19,Delivered,Refund Delayed
O754,C754,1390,135,Delivered,Refund Done
O755,C755,1981,118,Delivered,Refund Delayed
O756,C756,951,191,Delivered,No Refund
O757,C757,2975,42,Failed,No Refund
O758,C758,2037,42,Delivered,No Refund
O759,C759,1382,59,Delivered,No Refund
O760,C760,812,20,Failed,Refund Done
O761,C761,1339,73,Delivered,Refund Pending
O762,C762,874,17,Failed,Refund Delayed
O763,C763,950,27,Failed,Refund Pending
O764,C764,1094,175,Delivered,Refund Done
O765,C765,1733,2,Failed,Refund Done
O766,C766,999,63,Delivered,Refund Pending
O767,C767,963,62,Delivered,Refund Pending
O768,C768,612,100,Delivered,Refund Done
O769,C769,1535,19,Delivered,Refund Done
O770,C770,2878,17,Failed,Refund Delayed
O771,C771,2424,69,Delivered,No Refund
O772,C772,639,167,Delivered,No Refund
O773,C773,1924,117,Delivered,Refund Delayed
O774,C774,1016,199,Delivered,Refund Pending
O775,C775,2447,81,Delivered,Refund Done
O776,C776,2665,39,Delivered,Refund Pending
O777,C777,1387,36,Failed,No Refund
O778,C778,1841,168,Delivered,No Refund
O779,C779,549,173,Failed,Refund Pending
O780,C780,518,132,Delivered,No Refund
O781,C781,1225,153,Delivered,Refund Done
O782,C782,2744,197,Delivered,Refund Delayed
O783,C783,1973,158,Delivered,Refund Pending
O784,C784,951,196,Delivered,Refund Done
O785,C785,2836,29,Failed,Refund Done
O786,C786,1664,196,Delivered,No Refund
O787,C787,1607,51,Failed,Refund Done
O788,C788,2938,152,Delivered,Refund Pending
O789,C789,714,14,Delivered,Refund Done
O790,C790,2049,69,Delivered,Refund Delayed
O791,C791,2762,146,Failed,Refund Done
O792,C792,627,170,Delivered,Refund Done
O793,C793,2345,57,Failed,Refund Delayed
O794,C794,1259,12,Failed,Refund Done
O795,C795,2951,17,Delivered,Refund Done
O796,C796,2315,30,Delivered,No Refund
O797,C797,2885,88,Delivered,Refund Pending
O798,C798,860,99,Delivered,No Refund
O799,C799,1068,23,Delivered,Refund Pending
O800,C800,1915,129,Delivered,Refund Delayed
O801,C801,2765,79,Delivered,Refund Delayed
O802,C802,2097,32,Delivered,Refund Delayed
O803,C803,2192,9,Delivered,Refund Pending
O804,C804,701,15,Delivered,Refund Pending
O805,C805,2564,156,Delivered,Refund Pending
O806,C806,2869,152,Delivered,Refund Delayed
O807,C807,1017,188,Delivered,Refund Pending
O808,C808,1848,163,Failed,Refund Done
O809,C809,1935,27,Delivered,No Refund
O810,C810,1841,109,Delivered,Refund Delayed
O811,C811,1180,76,Delivered,No Refund
O812,C812,2488,148,Delivered,Refund Done
O813,C813,1991,65,Delivered,Refund Pending
O814,C814,924,177,Failed,No Refund
O815,C815,2468,109,Delivered,Refund Done
O816,C816,2212,129,Delivered,Refund Done
O817,C817,2934,10,Delivered,No Refund
O818,C818,1277,47,Delivered,Refund Delayed
O819,C819,2645,123,Delivered,No Refund
O820,C820,2326,59,Delivered,Refund Delayed
O821,C821,707,96,Delivered,Refund Pending
O822,C822,2037,190,Delivered,Refund Delayed
O823,C823,2159,103,Delivered,Refund Pending
O824,C824,2713,124,Delivered,No Refund
O825,C825,521,86,Failed,Refund Pending
O826,C826,653,146,Delivered,Refund Done
O827,C827,2462,112,Delivered,Refund Pending
O828,C828,718,174,Delivered,Refund Delayed
O829,C829,1168,160,Delivered,Refund Delayed
O830,C830,2018,27,Delivered,Refund Delayed
O831,C831,2777,18,Delivered,Refund Pending
O832,C832,2567,167,Delivered,Refund Delayed
O833,C833,1449,177,Delivered,Refund Delayed
O834,C834,2695,82,Delivered,Refund Done
O835,C835,902,172,Delivered,Refund Pending
O836,C836,1095,72,Delivered,Refund Done
O837,C837,2914,54,Delivered,Refund Delayed
O838,C838,1937,162,Delivered,Refund Delayed
O839,C839,1657,71,Delivered,Refund Delayed
O840,C840,2242,164,Delivered,Refund Pending
O841,C841,1806,146,Delivered,No Refund
O842,C842,572,38,Failed,Refund Delayed
O843,C843,980,187,Delivered,Refund Delayed
O844,C844,1059,137,Delivered,Refund Delayed
O845,C845,1244,179,Delivered,Refund Delayed
O846,C846,1966,35,Failed,Refund Pending
O847,C847,599,82,Delivered,No Refund
O848,C848,1582,133,Delivered,No Refund
O849,C849,2805,142,Delivered,No Refund
O850,C850,912,158,Delivered,Refund Delayed
O851,C851,1588,4,Delivered,Refund Delayed
O852,C852,1677,167,Delivered,No Refund
O853,C853,2508,192,Failed,No Refund
O854,C854,2813,153,Failed,Refund Delayed
O855,C855,1320,156,Delivered,Refund Delayed
O856,C856,1161,194,Delivered,Refund Done
O857,C857,1059,150,Failed,Refund Done
O858,C858,1771,159,Delivered,Refund Done
O859,C859,2313,23,Delivered,No Refund
O860,C860,1109,48,Delivered,Refund Pending
O861,C861,2961,148,Delivered,Refund Delayed
O862,C862,524,125,Delivered,Refund Done
O863,C863,2528,166,Delivered,Refund Pending
O864,C864,783,55,Delivered,Refund Delayed
O865,C865,1972,68,Delivered,Refund Pending
O866,C866,800,88,Delivered,No Refund
O867,C867,1591,1,Delivered,No Refund
O868,C868,1530,135,Failed,No Refund
O869,C869,1316,185,Delivered,Refund Done
O870,C870,582,95,Delivered,Refund Delayed
O871,C871,2420,140,Failed,No Refund
O872,C872,2593,106,Failed,Refund Done
O873,C873,1117,133,Delivered,Refund Done
O874,C874,2809,108,Delivered,Refund Done
O875,C875,675,178,Delivered,Refund Done
O876,C876,1689,42,Failed,No Refund
O877,C877,1341,102,Failed,Refund Done
O878,C878,869,124,Failed,No Refund
O879,C879,2318,140,Delivered,No Refund
O880,C880,2601,103,Delivered,Refund Done
O881,C881,1189,146,Delivered,No Refund
O882,C882,2279,194,Delivered,Refund Delayed
O883,C883,1864,74,Delivered,Refund Delayed
O884,C884,1932,108,Delivered,Refund Pending
O885,C885,866,122,Delivered,Refund Delayed
O886,C886,1143,17,Delivered,No Refund
O887,C887,2926,196,Delivered,No Refund
O888,C888,572,71,Delivered,Refund Delayed
O889,C889,1771,62,Delivered,Refund Done
O890,C890,1359,41,Delivered,Refund Done
O891,C891,542,119,Delivered,No Refund
O892,C892,2924,162,Delivered,Refund Done
O893,C893,1564,198,Failed,Refund Pending
O894,C894,2717,45,Delivered,Refund Pending
O895,C895,2759,58,Delivered,Refund Delayed
O896,C896,2016,179,Delivered,Refund Delayed
O897,C897,2586,126,Delivered,Refund Done
O898,C898,868,162,Failed,No Refund
O899,C899,650,44,Delivered,Refund Delayed
O900,C900,1634,15,Failed,Refund Pending
O901,C901,2003,78,Delivered,Refund Delayed
O902,C902,1959,70,Failed,Refund Delayed
O903,C903,1570,178,Delivered,Refund Pending
O904,C904,1523,101,Failed,No Refund
O905,C905,2098,160,Delivered,Refund Delayed
O906,C906,2540,195,Delivered,Refund Delayed
O907,C907,1889,3,Delivered,Refund Delayed
O908,C908,568,86,Failed,Refund Done
O909,C909,2846,74,Delivered,Refund Delayed
O910,C910,1443,51,Delivered,Refund Pending
O911,C911,1301,67,Failed,No Refund
O912,C912,2843,76,Delivered,No Refund
O913,C913,2750,93,Delivered,Refund Pending
O914,C914,560,176,Delivered,Refund Done
O915,C915,1445,145,Delivered,Refund Pending
O916,C916,1837,7,Failed,No Refund
O917,C917,1684,13,Delivered,Refund Pending
O918,C918,830,120,Delivered,Refund Done
O919,C919,2051,66,Failed,No Refund
O920,C920,837,4,Delivered,Refund Done
O921,C921,2129,138,Delivered,Refund Pending
O922,C922,1827,88,Delivered,Refund Delayed
O923,C923,2026,17,Delivered,Refund Pending
O924,C924,2173,52,Delivered,Refund Done
O925,C925,1861,134,Failed,Refund Pending
O926,C926,2073,69,Delivered,Refund Delayed
O927,C927,774,137,Delivered,Refund Done
O928,C928,1687,21,Delivered,Refund Pending
O929,C929,2866,24,Delivered,Refund Done
O930,C930,2934,4,Failed,Refund Done
O931,C931,2493,152,Failed,No Refund
O932,C932,1369,187,Delivered,No Refund
O933,C933,1514,3,Delivered,Refund Done
O934,C934,2411,68,Delivered,Refund Pending
O935,C935,1102,101,Delivered,Refund Pending
O936,C936,2299,168,Delivered,Refund Pending
O937,C937,1190,176,Delivered,Refund Delayed
O938,C938,993,54,Delivered,Refund Done
O939,C939,989,35,Delivered,Refund Done
O940,C940,889,56,Delivered,Refund Delayed
O941,C941,794,108,Delivered,Refund Done
O942,C942,1892,40,Delivered,Refund Done
O943,C943,2217,68,Delivered,Refund Delayed
O944,C944,1148,46,Delivered,No Refund
O945,C945,2373,78,Failed,Refund Done
O946,C946,1067,141,Delivered,Refund Delayed
O947,C947,944,155,Delivered,Refund Pending
O948,C948,862,6,Delivered,No Refund
O949,C949,2670,17,Failed,Refund Pending
O950,C950,1711,164,Failed,Refund Done
O951,C951,1241,99,Delivered,No Refund
O952,C952,2541,81,Delivered,Refund Delayed
O953,C953,1179,2,Failed,Refund Done
O954,C954,2967,77,Delivered,Refund Delayed
O955,C955,2142,180,Delivered,No Refund
O956,C956,2072,66,Delivered,Refund Pending
O957,C957,1858,52,Delivered,Refund Done
O958,C958,2639,92,Delivered,Refund Done
O959,C959,562,171,Delivered,Refund Delayed
O960,C960,1662,22,Delivered,No Refund
O961,C961,1728,111,Failed,Refund Delayed
O962,C962,755,107,Delivered,No Refund
O963,C963,634,183,Failed,Refund Done
O964,C964,1374,67,Delivered,No Refund
O965,C965,1321,188,Delivered,Refund Done
O966,C966,2635,186,Delivered,No Refund
O967,C967,1322,140,Failed,Refund Pending
O968,C968,1473,69,Delivered,No Refund
O969,C969,2277,84,Delivered,Refund Pending
O970,C970,620,103,Failed,No Refund
O971,C971,2137,39,Delivered,No Refund
O972,C972,1864,13,Failed,Refund Delayed
O973,C973,1507,41,Delivered,Refund Delayed
O974,C974,1424,57,Failed,Refund Done
O975,C975,1144,181,Delivered,Refund Delayed
O976,C976,2532,12,Delivered,No Refund
O977,C977,2568,13,Delivered,Refund Delayed
O978,C978,741,120,Delivered,No Refund
O979,C979,2850,97,Delivered,Refund Pending
O980,C980,2119,57,Delivered,No Refund
O981,C981,1302,40,Delivered,Refund Done
O982,C982,1463,118,Delivered,Refund Pending
O983,C983,568,80,Delivered,Refund Done
O984,C984,1652,128,Delivered,Refund Done
O985,C985,695,173,Failed,Refund Done
O986,C986,2687,35,Delivered,Refund Delayed
O987,C987,2830,3,Delivered,Refund Done
O988,C988,2859,120,Delivered,Refund Pending
O989,C989,1245,5,Delivered,No Refund
O990,C990,2188,11,Delivered,Refund Done
O991,C991,776,126,Delivered,Refund Pending
O992,C992,560,71,Delivered,Refund Done
O993,C993,2413,117,Failed,No Refund
O994,C994,2599,184,Delivered,Refund Pending
O995,C995,2700,138,Delivered,Refund Pending
O996,C996,2272,106,Delivered,No Refund
O997,C997,1834,116,Delivered,Refund Pending
O998,C998,2337,162,Delivered,No Refund
O999,C999,1066,67,Delivered,Refund Pending
O1000,C1000,2071,31,Delivered,Refund Pending
